"Comando da questão","V ou F","Justificativa"
"Em Haskell, o ""$"" é uma função que serve para determinar precedências, enquanto o ""."" é uma função que acessa os atributos de um struct","F","O operador ""$"" altera precedência de aplicação, mas o ""."" é para composição matemática de funções, e não para acessar structs."
"Em Java, os trechos funcionais são executados de forma lazy, já em Ruby, não.","F","O Java é estrito (eager) por padrão, usando laziness apenas em Streams. O Ruby também é estrito, mas permite laziness explicitamente com o método .lazy."
"Dada a função ""f :: Int -> Int"", definida como ""f y = y * 2"". Se for aplicada ""f 5"" o resultado será 10.","V","Correto. A sintaxe é perfeitamente válida e o cálculo de 5 * 2 atende à assinatura do tipo que exige retornar um Inteiro."
"Haskell é uma linguagem multiparadigma, a qual permite o desenvolvimento de software de forma imperativa, orientada a objetos e funcional.","F","Haskell é puramente e estritamente funcional. Ela não oferece suporte nativo para os paradigmas imperativo ou orientado a objetos."
"A programação funcional não está diretamente relacionada ao cálculo lambda","F","A programação funcional é exatamente a implementação e evolução computacional direta do Cálculo Lambda criado por Alonzo Church."
"Funções anônimas são funções sem nome, geralmente usadas como parâmetros de funções.","V","Sim, chamadas de lambdas. São criadas diretamente (on-the-fly) e passadas para funções de alta ordem (como map/filter) sem precisarem ser guardadas."
"Em Haskell existem as instruções ""if"", ""then"" e ""else"".","V","Existem, mas como expressões e não comandos de fluxo. O if sempre precisará do else, e ambos os caminhos devem retornar o mesmo tipo de dado."
"É aceitável declarar uma lista infinita em Haskell desde que o programa não precise utilizá-la por completo.","V","Sim, graças à avaliação preguiçosa (lazy evaluation), o sistema só consome a quantidade de itens da lista que for realmente usar, não travando o programa."
"O tipo Integer pode armazenar o fatorial de 13, enquanto o tipo Int não","V","O tipo ""Integer"" tem precisão arbitrária infinita, já o ""Int"" tem tamanho atrelado aos bits do processador e pode causar overflow em números imensos."
"Ao criar um tipo de dados customizado, para usar o método ""show"" na visualização de informações das instâncias do novo tipo, é necessário também definir um mapeamento de representação da instância em string. A única forma possível de realizar tal mapeamento é utilizando deriving.","F","Utilizar ""deriving(Show)"" é uma conveniência, mas não é a única forma. Você pode declarar as instâncias manualmente definindo o que o método show fará."
"C é uma linguagem funcional.","F","C é o pilar clássico das linguagens imperativas e procedurais, trabalhando diretamente com instruções de mudança de estado de memória."
"É possível passar uma função como argumento em C, utilizando ponteiros de função.","V","Correto. C usa ponteiros de função para simular algumas propriedades do paradigma funcional e de abstração comportamental."
"Em Java, mesmo em um trecho de código funcional, não será executado de forma preguiçosa (lazy).","F","O Java é capaz de executar cálculos funcionalmente de forma preguiçosa (lazy) nativamente dentro do contexto da API de Streams."
"Uma lista declarada como ""[3,5..]"" começa no 3 e vai de 5 em 5 até o infinito","F","O Haskell calcula o intervalo pelo segundo valor. A distância do 3 para o 5 é de 2. Então a lista andará de 2 em 2 (3, 5, 7, 9...)."
"A linguagem Haskell possui avaliação lazy, ou seja, as expressões são avaliadas somente quando seu valor é realmente necessário.","V","Esta é a definição exata de lazy evaluation, garantindo que nenhum processamento desnecessário ocorra."
"Haskell possui suporte nativo para funções lambda?","V","Sim. Podem ser construídas usando a contrabarra (ex: \x -> x * 2), que visualmente imita a letra grega lambda."
"Tupla é um tipo de estrutura de dados do Python que tem como principal característica ser imutável","V","Tuplas são as primas imutáveis das listas no Python. Seus elementos internos não podem ser realocados após a criação."
"A função f = [n * (n + 1) `div` 2 | n <- [1..]] retorna a lista [1, 3, 6, 10, 15 ...]","V","Correto. A list comprehension infinita constrói recursivamente a sequência matemática clássica dos Números Triangulares."
"Ao invés de usar recursão, como é comum em paradigmas imperativos, a programação funcional é baseada na utilização de laços para a construção de programas","F","A afirmação inverte os dois. Imperativo é que usa laços (for, while), enquanto no funcional as iterações ocorrem via recursão."
"Na programação funcional não é possível realizar atividades repititivas, porque não se usa a estrutura 'for'","F","Perfeitamente possível usando o empilhamento de funções pela recursão ou as funções nativas de alta ordem como map, reduce e filter."
"filtro :: (a -> Bool) -> [a] -> [a].essa função retorna uma lista que contém apenas os elementos da lista de entrada para os quais a função de teste retorna true","V","Essa é a explicação exata do comportamento da assinatura e da lógica da função nativa 'filter' na programação funcional."
"Ruby off rails foi o framework que fez Ruby se tornar popular?","F","Pegadinha de nome. O nome do famoso framework de desenvolvimento web é Ruby ON Rails."
"A função . (ponto), utilizada para composição de funções, tem tipo (a->b) -> (a->b) -> (a->b)","F","A composição de f e g onde f recebe o resultado de g possui assinaturas acadeadas diferentes, na forma: (b -> c) -> (a -> b) -> a -> c."
"Ruby on Rails não deu certo por conta da demora e dificuldade para construir projetos.","F","Ao contrário, o lema principal do framework era a altíssima velocidade e as facilidades na construção de sites e projetos web (Convenção sobre Configuração)."
"O where serve para localizar uma função dentro de outra.","F","O 'where' cria um escopo (variáveis e lógicas) puramente local que aterra o código para ser usado e executado somente internamente por aquela função."
"Todo e qualquer problema é melhor resolvido por programação funcional.","F","Nenhum paradigma é uma bala de prata. Problemas envolvendo forte interface com hardware, e constantes mudanças bruscas de estados globais se adaptam melhor ao Imperativo."
"Programação funcional utiliza de recursão?","V","Como as variáveis não mudam de valor para alimentar os loops for/while clássicos, a recursão dita o fluxo contínuo."
"A diferença entre Let e Where é que: o let vincula expressões a si e o where vincula somente construtores sintáticos.","F","O Let constrói novas expressões inline retornando valores por si mesmas; O Where delimita um escopo local a atrelado a cláusulas das funções (guards)."
"Em haskell, toda expressão e função tem que retornar alguma coisa.","V","Como base no Cálculo Lambda, não existem funções nulas puras; toda função executa uma avaliação e retorna sempre algo, mesmo se for IO ()."
"O cálculo do comprimento de uma lista genérica, pode ser definido por uma função ""len"", a partir das cláusulas ""len [ ] = 0"" e ""len (h:t) = 1 + len(h)"".","F","A chamada recursiva está somando 1 com a cabeça (h) da lista. O correto é a busca no resto da lista (t de tail): 1 + len(t)."
"A função dólar, definida como f ($) x = f x é utilizada como alternativa aos parênteses na definição da precedência de aplicações de funções.","V","A principal funcionalidade do operador cifrão ($) com sua precedência mínima é limpar expressões quebrando parênteses acumulados do lado direito."
"Em geral, o operador $ é usado para composição de funções, enquanto o operador . é usado para aplicação de funções, permitindo combinar e aplicar funções de diferentes maneiras. ","F","Os conceitos estão invertidos. O (.) ponto serve para compor (uma dentro da outra) e o cifrão ($) é utilizado exclusivamente para a aplicação precedencial."
"A programação funcional incentiva o uso de expressões lambda, que são funções anônimas que podem ser passadas como argumentos ou retornadas por outras funções.","V","É a alma do processamento funcional para simplificação de operações imediatas injetadas sobre listas dinâmicas."
"""deriving(Read)"", após a definição de um tipo de dados, permite gerar estruturas daquele dado a partir de strings. Para isso, a representação do dado em string deve ser idêntica à representação exibida pela função ""show"".","V","Ao dar um deriving automático, a linguagem força a simetria: string lida por 'read' tem que igualar a arquitetura da impressão gerada por 'show'."
"Se o método “show” em Haskell faz a amostragem de um tipo, ele pode fazer a amostragem de uma lista do tipo, um exemplo seriam os inteiros","V","Se um tipo pertence naturalmente à Typeclass Show (ex: Int), a lista contendo esses tipos herdará o acesso nativo às capacidades do método Show."
"A ""Lazy Computation"" consiste em apenas avaliar trechos do código que serão absolutamente necessários a fim de executar o algoritmo.","V","Definição cirúrgica da avaliação preguiçosa. Ignora-se todo thunk/código cujo resultado não afeta estritamente o desenrolar e impressão final da resposta."
"Programação funcional, programação orientada a objetos e programação lógica são exemplos de paradigmas de programação declarativos.","F","A Programação Orientada a Objetos tem seu pilar e herança natural baseada fortemente sobre o paradigma imperativo (alteração de estado do objeto)."
"Em Haskell, é possível definir funções de alta ordem, ou seja, que recebem outras funções como argumentos ou retornam funções como resultado.","V","Esse mecanismo ocorre naturalmente através da base do conceito de abstração e da estratégia nativa de currying."
"Java só é lazy quando se manuseiam streams","F","Além das Streams, os operadores lógicos de curto-circuito do Java (&&, ||) operam lazy cortando e abandonando sentenças que já não afetam as condições matemáticas."
"Dada a função ""s x y = x + y"" com x e y inteiros, sua definicão de tipo é s :: Int -> (Int -> Int) Parênteses opcionais","V","Devido à existência do conceito de currying, toda função de vários parâmetros no Haskell é reescrita como múltiplas funções alinhadas unárias."
"A função f s = s == reverse s retorna verdadeiro para a String ""arara"" e falso para a string ""papagaio""","V","Exatamente. A função checa lógicamente a validação de Palíndromos (se as extremidades lidas em conjunto compõem o mesmo texto original)."
"Uma função da typeclass “Show” pode ser printada","V","O único requerimento para a execução do método de console print, é a comprovação de garantia de Typeclass atrelada ao tipo em questão."
"Em um programa feito na linguagem Haskell, nem todas as cláusulas precisam ser comparáveis","F","Tanto em Guards, Types de comparação (Ord) e Filters, todos os tipos avaliados lógicamente tem que conversar perfeitamente entre os espectros tipados estritos (Booleans)."
"A filtragem de objetos com parâmetros específicos em Java é feita através do método filter()","V","O método .filter() implementado na Stream API executa um teste avaliatório e devolve somente referências que passaram imunes pelo predicate."
"As funções locais definidas com ""where"" não são acessíveis fora da função principal onde foram declaradas.","V","Ele atua fechando a área local (escopo), evitando contaminação, não deixando acesso para elementos distantes ou outras lógicas adjacentes no mesmo arquivo."
"A programação funcional não permite o efeito colateral, o que significa que uma função pura sempre produzirá o mesmo resultado para a mesma entrada.","V","A transparência referencial e a garantia de previsibilidade são os núcleos do paradigma. Sem efeitos ocultos, saídas refletem com 100% de clareza a entrada passada."
"Na programação funcional, é comum usar recursão em vez de laços de repetição para realizar iterações.","V","Para suprir a deficiência de variabilidades estruturais temporais (o proibido for(x++) imperativo), aplica-se a passagem iterativa matemática recursiva."
"A programação funcional é um paradigma de programação que enfatiza o uso de funções puras e evita o uso de estados mutáveis.","V","Exatamente essa é sua essência, limitando a propagação contínua incontrolável e bugada da modificação sistêmica nas memórias do programa global."
"Em Haskell, F x = G 5 x é o mesmo que F = G 5. ","V","Operação descrita matematicamente pela redução 'Eta' (Eta Reduction), cancelando ambos os itens extremados finais sem ferir a coerência tipificada geral do projeto."
"De forma simplificada, Lazy Evaluation consiste em esperar para processar uma expressão (ou parte dela) até o exato momento em que o resultado é utilizado.","V","Pois calcular o resultado de um valor nunca instanciado, testado ou printado é computacionalmente um erro gravíssimo desperdiçador que a Lazy sana com primazia."
"Eq em Haskell é uma class type ou tipo de tipo","V","As famosas Typeclasses englobam conjuntos de definições estruturais. A typeclass Eq obriga os partícipes implementadores da classe a resolver e garantir validação de equivalência (==, /=)."
"len [] = 0, len(h:t) = 1+ len t O codigo acima calcula o tamanho de uma lista?","V","Caminho funcional básico que soma iterativamente o acumulador recursivo descartando o head lido até trombar na base (lista zerada/vazia)."
"A definição da cláusula ""fat n = n * fat n - 1"" em haskell é suficiente para calcular o fatorial de qualquer número n. ","F","Falta obrigatoriamente englobar a ordem com parênteses: (n - 1), além de precisar definir lógicamente a condição de base parada explícita: fat 0 = 1."
"Funções de alta ordem são funções que podem receber outras funções como parâmetro","V","Essa propriedade da 'cidadania de primeira classe' engloba desde a injeção funcional em parâmetros, além de autorizar o envio de funções inteiras atreladas ao output final de retorno."
"Laziness é um conceito intrínseco à toda linguagem funcional","F","Muitos expoentes colossais e pioneiros da linha temporal e acadêmica Funcional Pura ou Impura não são lazys. Erlang, Scheme, Lisp, F#, Elm são stricts/ansiosos."
"A stream em Java segue a “lazy evaluation”, ou seja, passa os objetos um a um apenas quando “solicitado”","V","Dentro do pipeline englobado, os nodes atrelados ao map() e limit() seguram e encapsulam a demanda, operando apenas o que a ponta terminadora (forEach) solicitar."
"o Maybe é uma abordagem que evita o uso de if-else em programação funcional","V","Enjaulando itens em construtores 'Just' ou 'Nothing' a linguagem contorna erros, nullpointers estourados e obriga a codificação elegante segura focada no Pattern Matching."
"A linguagem de haskell é fortemente tipada?","V","Extremamente tipada de forma estrita de inferências seguras que anulam erros obscuros, blindando conversões ou coerções veladas indesejadas (1 nuca somará ""2"")."
"Em Haskell, é possível usar funções dentro de comparação para retornar um valor booleano.","V","Totalmente possível, como qualquer expressão. Uma igualdade final booleana como 'length x == length y' executa duas lógicas internas e converte isso com precisão final booleana na saída."
"As linguagens funcionais possibilitam escrever códigos curtos, rápidos e de fácil manutenção.","V","O grau de pureza funcional simplifica blocos unitários de testagens modulares ao mesmo tempo em que reduz absurdamente linhas sintáticas pela extrema abstração (Maps e Folds)."
"Linguagens funcionais não permitem a implementação de métodos de ordenação","F","Permitem de forma elegante. Algoritmos complexos como o quicksort implementados no Haskell por list comprehensions contêm as linhas mais limpas de todas as linguagens."
"A implementação mais próxima do paradigma funcional em C está relacionada ao uso de ponteiro para funções.","V","Essa flexibilidade do C repassa os dados alocativos abstratos para viabilizar os blocos callback e o polimorfismo procedimental aproximando-se da primeira classe funcional real."
"Haskell tem uma sintaxe bidimensional","V","Possui a estrutura lógica Off-Side rule (indentation), mapeando as diretrizes pelo alinhamento vertical e hierárquico lateral sem uso mandatório dos clássicos delimitadores literais {}."
"Como em Haskell não é possível alterar o valor de variáveis, não existem structs","F","Embora não aceitem e barrem alterações, a unificação modelar existe através dos 'Algebraic Data Types' e por 'Record Syntax' gerindo modelagens idênticas."
"O código Haskell: x=[1,5..100] ,gera uma lista que vai de 1 até 100, com um intervalo de 4 em 4?","F","A lista em si sobe iterativamente por passos limítrofes em distância 4 (1, 5, 9, 13...). Porém, matematicamente o bloco termina em 97, não pisando no literal exato 100."
"Um dos problemas em Haskell é que a linguagem não permite a definição de tipos de dados, os quais podem ter múltiplos construtores e parâmetros. ","F","Esse erro subestima a Type System interna Haskell. As implementações de Algebraic Data Types lidam magicamente criando construtores infindáveis e genéricos recheados por parâmetros nativos."
"A recursão é uma das técnicas em programação funcional para suprir a falta de laços iterativos.","V","A espinha dorsal das iterações e percorriamentos em Haskell ocorre através do fluxo de recursão em cauda sem mexer na estabilidade mutável dos inputs de parâmetros originais fixos."
"Dada a função ""f x y = x + y"", o seu tipo é ""f :: Num a => a -> a -> a"", podendo ser utilizada tanto com números inteiros quanto em reais.","V","O tipo de inferência abrangente compreendeu logicamente a dependência cruzada global, abrigando-a sob o manto da typeclass 'Num' gerindo frações, ints, floods em sinergia final comum geral."
"A função: p = f [2..] where f (p:xs) = p : f [x | x <- xs, x `mod` p /= 0] retorna uma lista que pode ser impressa sem correr o risco de entrar em loop infinito, devido à Haskell ser lazy ","F","A Lazy Evaluation garante o processamento atrasado unitário, mas o comando mandatório unificado de forçar IMPRESSÃO final cega continuará o processamento eterno de render infinito infinitamente, quebrando terminal."
"Na chamada ""lazy evaluation"", todas as expressões são calculadas imediatamente, mesmo que seus resultados não sejam utilizados","F","A premissa está trocada. Isso é exatamente a teoria formal sobre Strict, Eager ou Ansioso Computation, onde processamentos ocorrem no tempo zero exato sem restrição global focada em postergação."
"Em Haskell, tanto o ""$"" quanto o ""."" são funções que recebem uma função como argumento e retornam uma função ","F","Enquanto o ( . ) aglutina funçōes em uma, o operador aplicador ( $ ) engloba o bloco direito estrito e joga ao bloco unificado principal retornando o valor do processamento final literal em si da aplicação."
"A expressão ""where"" em haskell é usada para definir funções locais dentro de outras funções, permitindo a criação de funções auxiliares dentro de uma função principal","V","Exatamente. Atingindo o pico do encapsulamento modelar atrelado com os subnós ocultos para manutenção de escopos restritos limpos isolados para evitar sujeiras externas."
"Em C, na expressão ""int (*filtro) (struct Aluno)"", o parâmetro ""filtro"" é um ponteiro para uma função que recebe uma struct Aluno como parâmetro e retorna um inteiro.","V","A sintaxe crua correta de ponteiros apontando endereços referenciais funcionais de C se desenha em: return_type(*pointer_name)(arg_types).."
"A ""main"" em Haskell é do tipo IO, ou seja, pode ""mudar o mundo""","V","Para executar efeitos e se sujar, os programas precisam da blindagem Monad IO alocando dados colaterais (impressões) numa quarentena final, por isso obrigatoriamente a root base roda sobre o IO."
"O ""case"" em haskell é amplamente utilizado para realizar expressões de casamento de padrões em listas e tuplas","V","Assim como atua em funções genéricas o 'case expression' força localmente o 'Pattern Matching' desmembrando blocos já estruturados sobre condicionalidades restritas."
"A função f s = p == reverse p where p = map toLower $ filter isAlphaNum s , quando aplicada à string ""A man, a plan, a canal, Panama!"", retorna:","V","[Retorna TRUE]. Corta-se a tipagem especial, espaçamentos e desníveis upper/low e engessa tudo junto verificando a checagem cruzada palindromática da extrema puridade sem contaminação tipográfica visual."
"Ruby é uma linguagem de programação preguiçosa.","F","Por essência Ruby atua processando e alocando sob blocos impacientes normais (Strict). Operações de lazyness ocorrem mas não são padrão geral nativo inquestionável obrigatório."
"Linguagens de programação que usam o paradigma funcional devem implementar o Lazy Evaluation.","F","A premissa da avaliação retardatária não faz do ambiente um paradigma perfeitamente Funcional Padrão nativo, vários expoentes ancestrais primários funcionais são Ansiosos estritos natos da academia computacional lispiana."
"Haskell, java com strings e JavaScript são todas linguagens ""preguiçosas"".","F","Dos nomes listados, apenas o paradigma principal da base de GHC da root nativa do Haskell implementa processamento puramente Preguiçoso Lazy na totalidade e raiz da fundação da base geral da computação atrelada a ela mesma incondicionalmente sempre que for avaliado pela máquina geral do node."
"Maybe é uma maneira de lidar com o valor nulo ou vazio em programação funcional","V","Justamente, abstraindo 'Nothingness' para o reino dos Tipos onde compiladores atestam se todos os casos (Just e Nothing) foram tratados, inviabilizando NullPointersExceptions."
"Haskell é a única linguagem que utiliza funções puras.","F","Qualquer linguagem permite programar blocos puros onde inputs garantem saídas isoladas fechadas previsíveis sem colaterais atrelados ou lixos em contaminação global externa adjacente."
"O principal aspecto da programação funcional é ser baseada em funções puras.","V","O elo e pilar máximo baseia-se na Transparência Referencial em essência matemática, evitando distorções colaterais focando todo esforço ativamente nos blocos livres fechados da composição atrelada."
"Haskell suporta herança de classes?","F","O sistema de polimorfismo do Haskell opera sob 'Typeclasses' (Restrições base de Comportamento), sem ligações nem com POO, e totalmente isento da ideia herdada imperativa de controle da base do fluxo por polimorfismo de estado de objetos."
"Linguagens funcionais são especialmente adequadas para lidar com a concorrência de recursos em sistemas distribuídos.","V","Como objetos ou estruturas imutáveis jamais mudam nativamente, infinitas THREADS e nós distribuídos podem manusear processos em paridade limpa inviabilizando travas perigosas de 'Race Conditions' e DeadLocks do estado isolado impuro bloqueador em concorrência extrema de servidores de alto fluxo adjacente do mercado aberto geral da estrutura em questão limpa do escopo atrelado à segurança funcional estática constante pura e referencial de todos os dias abertos do uso do C moderno paralelo puro distribuído de fato da concorrência extrema escalável paralela de fato."
"na linguagem haskell, o tipo Int é geralmente mais eficiente em termos de uso de memória e desempenho em comparação com Integer","V","Para performance as contas geridas por bitagem da própria placa (32/64) comem muito menos esforço alocativo comparado as amarras de verificação constante para manutenção precisa do arbítrio do 'Integer' de limitação extrema gigante sem bit do espectro total em sua base atrelada global limpa nativamente."
"Closure é um conceito usado apenas em linguagens de programação funcional","F","Enorme parte nativa do espectro do C# moderno, Python e a total raiz máxima fundamental das chamadas e dos blocos fechados globais alocativos do núcleo do motor e coração interno da VM do Javascript moderno vivem unicamente através das manutenções focais de Closures ativas constantes na memória interna deles."
"Haskell é uma linguagem em que tudo é função.","V","Apesar de valores estáticos como o número 5 parecerem tipos, a fundamentação central da computação baseada unicamente no cálculo de lambdas assume os literais internamente puros englobando valores modelares também como instâncias funções parametrizadas vazias lógicas em seu bloco de análise base."
"A programação funcional é um paradigma de programação que se baseia principalmente em estruturas de repetição, como laços for e while.","F","No cerne Funcional a instabilidade e variabilidade da flag indexadora mutável atrelada a contadores locais do lixo global iterativo dos comandos for/while violam regras chaves. Recursão e Loops Funcionais de Alta Ordem governam."
"Diferentemente da programação funcional em haskell, em java existe uma função ""peek"" que pode ser usada para depuração ou para observar o fluxo de elementos sem modificá-los.","V","As Streams do Java possuem o 'peek' executando blocos de colateral sem afetar nem modificar o Type. Isso num cenário purista do Haskell seria quebra de protocolo forçando tudo ser abraçado pelo casulo Monádico IO do início terminal do arquivo."
"Suponha uma função na linguagem C, ""function(int var);"". Em seguida, na main foi escrito a seguinte linha, ""int x = 5; if(function(x) == function(x)){...}. Nesse caso, o código sempre executará o código dentro desse if.","F","Se function() em C modificar atributos locais do hardware ou ponteiro externo (um rand() obscuro base global), o resultado A será 7 e B = 2 mesmo na mesma chamada pura falsa em tela caindo no falso generalizado condicional e não sendo a prova base absoluta isolada sem contaminação constante do impuro gerido pela falta pura transparente."
"É possível implementar conceitos funcionais em versões de linguagens imperativas modernas, como Javascript, Java e C++","V","Tais ecossistemas se mesclaram brutalmente em formato multiparadigmático adotando as Streams, Funções anônimas Lambdas puras atreladas com reduce/filter de funções de Cidadãos primários alocativos das linguagens."
"A programação funcional é exclusiva de linguagens de programação funcionais, como Haskell e Lisp, e não pode ser usada em linguagens imperativas.","F","Totalmente equivocada a premissa de engessamento isolado em purismos isolados do ambiente fechado de mercado. JS e C# respiram blocos de lógica imutáveis, closures e arrays tratadas funcionalmente por MAP ou FILTER constantemente nas engenharias do software hoje em toda base isolada."
"Select de ruby tem função similar a filter de Haskell.","V","Correto, a mecânica da varredura executando checagem condicional Predicativa devolvendo apenas arrays confirmadas é espelhada e similar puramente nas duas abstrações tipificadas das bibliotecas funcionais de mercado atual global em uso."
"Em Haskell, se uma função imprime algo no terminal, essa função deve retornar um tipo IO","V","Imprimir requer uso da tela, ou seja, interagir mudando os pixels e gerando estado impuro do MUNDO global no teclado ou shell. Portanto a infecção é amarrada sendo mantida limpa encapsulada obrigatóriamente pela quarentena segura IO (Input e Output do ambiente geral). "
"function' :: (Num b) => [a] -> b \n function' [] = 0 \n function' (_:xs) = 1 + function' xs \n Essa função calcula o comprimento de uma lista.","V","Exatamente o escopo recursivo fundamental englobando a checagem pattern inicial limpa (base), descartando a leitura desnecessária do dado primário via curinga (_) pulando pra cauda somando tudo base = 1 recursivamente acumulado. Representa fielmente a Length genérica na base da academia Haskell de forma isolada lógica pura e simples. "
"A função lambda sempre requer a especificação do tipo de seus argumentos","F","Um dos trunfos de comodidade é justamente o ambiente de inferência (Type Inference). Compiladores funcionais estáticos extraem deduções baseando puramente no comportamento do tipo onde a lambda curta e limpa foi englobada alocada de forma isolada lógica."
"Java e C++ possuem possibilidade funcional, apesar de C++ ser uma opção melhor para o uso funcional ","F","Isso foge de um critério de afirmação verdadeira formal absoluta do material analítico englobando preferência. Streams em Java provaram ter tração corporativa em aderência extrema gigantesca da linguagem absorvendo blocos muito antes em massa corporativamente do englobado de C++ para isso de forma englobada absoluta na totalidade de mercado para considerar um mais apto na teoria."
"A ordem de consideração dos parâmetros de uma função em haskell é sempre da esquerda para a direita? ","V","Sim, por causa da mecânica funcional restrita de currying, ele consome a tipologia modular estritamente agrupando f(x)(y)(z) sucessivamente aplicando os tipos do eixo esquerdo em cadeia sempre pra direita da sua base."
"É possível chamar outra função dentro de uma função diferente?","V","A mecânica se sustenta sobre esse pilar da composição compositiva, chamando em blocos (f (g (h(x)))), unindo lógica unitária complexa compondo em base gigantescas funcionais."
"const f = (x) =>{ return x + 42; } const f = (x) => (x + 42); const f = x => x + 42; As declarações acima são equivalentes?","V","O JS permite a anotação limpa removendo escopos literais parentesizados de chaves base (Block Scopes) omitindo palavras de declaração como RETURNS se o bloco estiver enxuto e conciso atrelado e limpo isoladamente para avaliação de uma chamada apenas e ponto da sua lógica de processamento."
"A programação funcional se baseia no uso de funções como parte fundamental na construção de programas","V","Dá-se a elas o poder cidadania limpa 'first-class citizens' que baseiam todo fluxo condicional, loop iterativo de alta monta recursivo ou lógica pura base estruturante na arquitetura principal de blocos lógicos matemáticos unificadores sem amarras impuras na root das matrizes funcionais isoladas sempre."
"A programação funcional em Java também é lazyness.","F","De forma geral na sintaxe original, métodos simples ou blocos tradicionais avaliativos iterados são extremamente Estritos (Strict/Eager). O Lazy em Java só se manisfesta explicitamente sob uso direto de nodes na API baseada nas Streams do node isolado delas lógicas."
"Haskell é uma linguagem de programação compilada?","V","Exatamente, sua engenharia mais massificada (GHC compiler) destila a checagem máxima estática de tipos validada produzindo o código base nativo rápido puramente binário atrelado para uso em runtime otimizado na raiz das máquinas finais sempre no ciclo completo de desenvolvimento base geral lógicamente atrelada do material acadêmico."
"A função lambda é definida diretamente na expressão em que será usada, não precisando de palavras-chave como ""def"" ou ""function"" ","V","Como nascem isoladas para viver dentro do argumento que as passará, ela é desenhada pela seta solta unificada dispensando nomenclatura, poluição por blocos longos de nome e atrelamento restritivo de uso de instâncias verbais declaratórias base imperativas em geral em todas sintaxes conhecidas isoladamente hoje em dia."
"Programação funcional consiste em passar trechos de código que se repetem como parâmetro de uma função,fazendo com que o código se torne mais flexível e otimizado. ","V","Sendo cidadãs integrais elas adentram parâmetros transportando blocos inteiros, flexibilizando DRY de código repetido sem forçar engessamentos ou repetições literais das funções bases gerais estruturais da limpeza funcional de refatoramento base de código final lógico em sua totalidade funcional pura nativa atrelada."
"Soluções recursivas são padrão em linguagens funcionais","V","Na proibição natural do loop nativo por travas de escopo alterador de flags imperativas (index++), iterações em blocos base são feitas empilhando o mesmo código na função adjacente atrelada mantendo e enviando cópia íntegra base das suas funções alocadas isoladas nativas unificadas sempre lógicas do escopo de repetição local fechada de si mesma ativamente."
"A avaliação preguiçosa (lazy) em Haskell permite que todas as expressões sejam avaliadas imediatamente, mesmo que não sejam necessárias para o resultado final do programa?","F","Exatamente a essência invertida do conceito cobrado em provas. A avaliação preguiçosa só puxa a linha final que o resultado obrigatoriamente dependa. A avaliação imediatista é o Eager (Strict) e não se liga as bases Lazys."
"Programação funcional nos permite ter efeito colateral?","F","Em blocos e funções puras normais isoladas, não. Ele blinda esse uso isoladamente delegando a manipulação mutável suja ativamente isolada dentro apenas dos casulos lógicos atrelados Monádicos específicos do IO base. "
"Quando fazemos ordenação em Haskell, cria uma nova lista toda vez que muda de lugar o elemento?","V","A imutabilidade raiz cessa a alocação de ponteiros no meio. Haskell entrega uma lista nova estruturalmente compartilhando os nós não mudados com alocações seguras em seu processo de memória e coleta adjacente de lista base geral nativa."
"Laziness é essencial em programação funcional?","F","Linguagens ancestrais do paradigma puro como ML e da academia fundamental como Lisp usam de avaliações Estritas (Eager Ansioso) provando ser opcional a aplicação obrigatória base da fundação preguiçosa englobada do paradigma formal."
"Código impuro pode ter partes de código impuro, mas o contrário não? ","V","Função Impura IO pode consumir lógica Pura isolada nativa internamente livremente. O inverso fatalmente envenenaria a promessa purista, sendo banido e proibido pelo sistema restritivo tipo seguro do processamento raiz de checagem do compilador do motor base."
"sobre sufixo e prefixo, as expressões em Haskell a seguir a+-+=.b é idêntico a (+-+=.)ab ","V","Na flexibilidade modular base do sistema Haskell qualquer bloco nativo Infix de uso de formatação isolada natural (como o 'a + b' base) é passível a conversão prefixada abraçando tudo por entre seus parênteses em base unificada inicial restrita limpa inicial."
"no Python, foldr faz a mesma coisa que map em Haskell? é igual?","F","Na aplicação base eles não comungam função. Map é de transformações espelhadas em cada item sem matar tamanho original do bloco listado base isolado. Foldr reduz o bloco fundindo e engolindo e mesclando a um acúmulo final apenas atrelado a ele isolado (como um Reduce unificado) na raiz do paradigma geral nativo original."
"""hello"" + "" "" + ""world"" resulta em hello world?","F","Operador cru matemático literal (+) rege puramente as operações atreladas sob dependências dos tipos limpos Num. Mesclar Listas bases de Tipagem literais Chars Strings requisitam por obrigação estrita lógica o concatenador ++ nas bases unificadas limpas do terminal."
"o uso de variável global, deixa de ser pura?","V","Destrói por princípio o mandamento basilar de isolação atrelado. Mudanças nessa variável forçam sua base dar outputs e reações totalmente ambíguas destruindo sua transparência e puridade referencial que sustenta lógica estática base do escopo interno blindado funcional base de tudo limpo."
"é possível que Java, Javascript e C++ seja programado com o paradigma funcional?","V","Adotando recursos que espelharam e pegaram do Haskell (Funções Lambdas dinâmicas isoladas fechadas) ou da base Monádica iterável (Promises puras ou Streams Filter) tornam suas construções modulares aceitas englobadas no funcional base sem purismos gerais literais extremados do paradigma raíz atrelado ao modelo."
" o paradigma imperativo avançou mais que o paradigma funcional, pois a Arquitetura de Von Neumann é imperativo","V","Por décadas as linguagens espelharam e emularam os registradores base literais limitados limpos do fluxo unificado de busca das instruções da placa operando ativamente. Haskell atuar no cálculo atrelado teórico puro Lambda o forçava e exigia pesadas modelações compilatórias no motor da von neumann no mercado inicial geral limpo base original isolado."
"transparência referencial, todas as linguagens funcionais tem?","F","Somente as linguagens com motor Funcional Puro extremado como a Haskell base garantem cegamente esse escopo. As Multiparadigmas ou impuras flexíveis liberam as violações veladas com I/O sem travas em seu núcleo unificado de compiladores isolados atrelados limpos."
"função pura permite que o compilador otimize o código como necessário","V","A segurança da inexistência base e oculta isolada dos bugs colaterais dá carta branca isolada atrelada limpa pra que o otimizador armazene valores já passados isolados por memorização atrelada (Memoization nativa do GHC no motor) otimizando execuções sem correr riscos na base nativa lógicas."
"[3,2,1] > [3,2]?","V","A checagem avança comparando nó alocado com nó da esquerda até a direita puramente, o empate geral nos iniciais base finalizam validando quem possui o lastro excedente final base lexicográfico no desempate da balança da base nativa (sobra o 1 do lado A contra vazio nulo isolado B nativo)."
"Monad, combina computações com efeito colateral?","V","Criado como container quarentenado englobador abstrato final, isolando as partes do software atreladas sujas ou com outputs terminais IO e DB para orquestrar na sequência as funções limpas puras lógicas matemáticas nativas protegendo sempre do casulo interno referencial final cego base delas mesmas lógicamente."